Timestamp,User Count,Type,Name,Requests/s,Failures/s,50%,66%,75%,80%,90%,95%,98%,99%,99.9%,99.99%,100%,Total Request Count,Total Failure Count,Total Median Response Time,Total Average Response Time,Total Min Response Time,Total Max Response Time,Total Average Content Size
1715034498,0,,Aggregated,0.000000,0.000000,N/A,N/A,N/A,N/A,N/A,N/A,N/A,N/A,N/A,N/A,N/A,0,0,0,0.0,0,0,0
1715034499,10,,Aggregated,0.000000,0.000000,100,110,110,190,210,290,290,300,300,300,300,78,0,100,118.05189532139757,12.848220008891076,300.32361300254706,10013.794871794871
1715034500,19,,Aggregated,0.000000,0.000000,190,210,290,290,310,390,490,490,490,490,490,145,0,190.0,183.22126677938223,12.848220008891076,493.3029709936818,10560.8
1715034501,19,,Aggregated,74.000000,0.000000,200,210,290,290,300,390,410,490,490,490,490,229,0,200.0,197.2074925503109,12.848220008891076,493.3029709936818,10512.323144104803
1715034502,19,,Aggregated,74.000000,0.000000,200,240,290,300,340,390,480,490,500,500,500,297,1,200.0,211.15107464637202,12.848220008891076,502.5488410028629,10829.420875420876
1715034503,19,,Aggregated,74.333333,0.000000,200,240,290,300,320,390,410,490,500,500,500,378,1,200.0,214.5337355950254,12.848220008891076,502.5488410028629,10787.378306878307
1715034504,19,,Aggregated,74.250000,0.250000,200,220,290,300,310,390,410,490,500,500,500,451,1,200.0,215.51941638578043,12.848220008891076,502.5488410028629,10863.953436807094
1715034505,19,,Aggregated,74.000000,0.200000,200,210,290,300,310,390,400,490,500,500,500,527,1,200.0,210.4953239298341,10.799622003105469,502.5488410028629,10901.282732447818
1715034506,19,,Aggregated,74.833333,0.166667,200,210,290,300,310,390,400,490,500,500,500,599,1,200.0,205.37100520364137,10.799622003105469,502.5488410028629,10832.565943238731
1715034507,19,,Aggregated,74.142857,0.142857,200,210,290,290,300,390,400,480,500,500,500,671,1,200.0,204.6189977525761,10.799622003105469,502.5488410028629,10855.876304023845
1715034508,19,,Aggregated,74.250000,0.125000,200,210,290,300,300,390,400,410,500,500,500,757,1,200.0,206.46747830900568,10.799622003105469,502.5488410028629,10860.562747688244
1715034509,19,,Aggregated,74.444444,0.111111,200,210,290,300,300,390,400,410,500,500,500,832,1,200.0,207.99652481841454,10.799622003105469,502.5488410028629,10860.667067307691
1715034510,19,,Aggregated,74.444444,0.111111,200,210,290,300,300,390,400,410,500,500,500,906,1,200.0,209.3146403321772,10.799622003105469,502.5488410028629,10868.450331125829
1715034511,19,,Aggregated,75.100000,0.100000,200,210,290,300,300,390,400,410,500,500,500,984,1,200.0,211.95677613418152,10.799622003105469,502.5488410028629,10873.881097560976
1715034512,19,,Aggregated,76.700000,0.100000,200,220,290,300,300,390,400,410,490,500,500,1058,1,200.0,213.3238181985378,10.799622003105469,502.5488410028629,10898.982986767485
1715034513,19,,Aggregated,75.400000,0.100000,200,210,290,300,300,390,400,400,490,500,500,1123,1,200.0,211.45527270798627,10.799622003105469,502.5488410028629,10880.06767586821
1715034514,19,,Aggregated,75.400000,0.000000,200,210,290,300,300,390,400,400,490,500,500,1187,1,200.0,209.59364236905236,10.799622003105469,502.5488410028629,10891.572872788542
1715034515,19,,Aggregated,75.000000,0.000000,200,210,290,300,300,390,400,400,490,500,500,1261,1,200.0,210.4572133061722,10.799622003105469,502.5488410028629,10875.01506740682
1715034516,19,,Aggregated,73.500000,0.000000,200,220,290,300,300,390,400,400,490,500,500,1336,1,200.0,211.98574713036828,10.799622003105469,502.5488410028629,10863.779191616766
1715034517,19,,Aggregated,73.500000,0.000000,200,220,290,300,310,390,400,410,500,590,590,1411,1,200.0,214.17207683570933,10.799622003105469,585.9535100025823,10888.2792345854
1715034518,19,,Aggregated,73.900000,0.000000,200,280,290,300,310,390,400,410,500,590,590,1488,1,200.0,215.34088748671576,10.799622003105469,585.9535100025823,10887.004032258064
1715034519,19,,Aggregated,73.700000,0.000000,200,280,290,300,310,390,400,410,500,590,590,1563,1,200.0,215.06684788371516,10.799622003105469,585.9535100025823,10902.222008957133
1715034520,19,,Aggregated,73.700000,0.000000,200,220,290,300,300,390,400,410,500,590,590,1632,1,200.0,214.43622511470477,10.799622003105469,585.9535100025823,10890.090073529413
1715034521,19,,Aggregated,73.600000,0.000000,200,210,290,300,300,390,400,410,500,590,590,1703,1,200.0,213.27819368712872,10.799622003105469,585.9535100025823,10882.67058132707
1715034522,19,,Aggregated,73.600000,0.000000,200,210,290,300,300,390,400,410,500,590,590,1776,1,200.0,212.30758465045002,10.799622003105469,585.9535100025823,10875.845157657657
1715034523,19,,Aggregated,72.200000,0.000000,200,210,290,300,300,390,400,410,500,590,590,1854,1,200.0,213.6641992692838,10.799622003105469,585.9535100025823,10885.227076591154
1715034524,19,,Aggregated,72.500000,0.000000,200,220,290,300,300,390,400,400,500,590,590,1935,1,200.0,214.2558060212991,10.799622003105469,585.9535100025823,10897.325064599483
1715034525,19,,Aggregated,72.800000,0.000000,200,220,290,300,300,390,400,410,500,590,590,2009,1,200.0,214.81882369745443,10.799622003105469,585.9535100025823,10896.69487307118
1715034526,19,,Aggregated,74.500000,0.000000,200,220,290,300,310,390,400,410,500,590,590,2080,1,200.0,215.0093573995876,10.799622003105469,585.9535100025823,10887.165865384615
1715034527,19,,Aggregated,74.900000,0.000000,200,220,290,300,300,390,400,410,500,590,590,2158,1,200.0,214.562915501432,10.799622003105469,585.9535100025823,10896.926320667284
1715034528,19,,Aggregated,74.100000,0.000000,200,220,290,300,300,390,400,410,500,590,590,2234,1,200.0,214.43359690874215,10.799622003105469,585.9535100025823,10891.760519247986
1715034529,19,,Aggregated,74.100000,0.000000,200,210,290,300,300,390,400,410,500,590,590,2303,1,200.0,213.33941677862003,10.799622003105469,585.9535100025823,10894.153712548848
1715034530,19,,Aggregated,73.900000,0.000000,200,210,290,300,300,390,400,410,500,590,590,2381,1,200.0,213.23053503326472,10.799622003105469,585.9535100025823,10883.64888702226
1715034531,19,,Aggregated,73.400000,0.000000,200,210,290,300,300,390,400,400,500,590,590,2459,1,200.0,213.13774802118965,10.799622003105469,585.9535100025823,10883.72305815372
1715034532,19,,Aggregated,74.000000,0.000000,200,210,290,300,300,390,400,400,500,590,590,2540,1,200.0,213.88979540201336,10.799622003105469,585.9535100025823,10874.810236220472
1715034533,19,,Aggregated,75.300000,0.000000,200,210,290,300,300,390,400,400,500,590,590,2617,1,200.0,214.0585530875602,10.799622003105469,585.9535100025823,10877.723347344287
1715034534,19,,Aggregated,75.100000,0.000000,200,210,290,300,300,390,400,400,500,590,590,2691,1,200.0,213.96151202122175,10.799622003105469,585.9535100025823,10892.566703827573
1715034535,19,,Aggregated,75.700000,0.000000,200,210,290,300,300,390,400,400,500,590,590,2767,1,200.0,213.40169191549296,10.799622003105469,585.9535100025823,10889.176002891218
1715034536,19,,Aggregated,75.000000,0.000000,200,210,290,300,300,390,400,400,500,590,590,2837,1,200.0,212.3805127156064,10.799622003105469,585.9535100025823,10880.559393725767
1715034537,19,,Aggregated,74.700000,0.000000,200,210,290,300,300,390,400,400,500,590,590,2905,1,200.0,212.7406071408663,10.799622003105469,585.9535100025823,10884.356282271945
1715034538,19,,Aggregated,75.300000,0.000000,200,210,290,300,300,390,400,400,500,590,590,2984,1,200.0,213.3989430108122,10.799622003105469,585.9535100025823,10878.338136729222
1715034539,19,,Aggregated,74.500000,0.000000,200,220,290,300,300,390,400,400,500,590,590,3058,1,200.0,214.29287486241898,10.799622003105469,585.9535100025823,10885.987573577502
1715034540,19,,Aggregated,74.900000,0.000000,200,220,290,300,300,390,400,400,500,590,590,3129,1,200.0,214.84731004355325,10.799622003105469,585.9535100025823,10893.61041866411
1715034541,19,,Aggregated,75.500000,0.000000,200,220,290,300,310,390,400,400,500,590,590,3204,1,200.0,214.90928340705176,10.799622003105469,585.9535100025823,10892.036516853932
1715034542,19,,Aggregated,75.000000,0.000000,200,210,290,300,300,390,400,400,500,590,590,3272,1,200.0,214.26316185887802,10.799622003105469,585.9535100025823,10894.319376528118
1715034543,19,,Aggregated,74.100000,0.000000,200,210,290,300,300,390,400,400,500,590,590,3348,1,200.0,213.96214750279768,10.799622003105469,585.9535100025823,10884.730286738351
1715034544,19,,Aggregated,73.300000,0.000000,200,210,290,300,300,390,400,400,500,590,590,3423,1,200.0,213.34112942721836,10.799622003105469,585.9535100025823,10892.458954133801
1715034545,19,,Aggregated,73.100000,0.000000,200,210,290,300,300,390,400,400,500,590,590,3491,1,200.0,214.18897156267977,10.799622003105469,585.9535100025823,10885.677456316242
1715034546,19,,Aggregated,73.700000,0.000000,200,210,290,300,300,390,400,400,500,590,590,3572,1,200.0,214.23320212916926,10.799622003105469,585.9535100025823,10889.819988801792
1715034547,19,,Aggregated,73.400000,0.000000,200,210,290,300,300,390,400,400,500,590,590,3651,1,200.0,214.77050958213724,10.799622003105469,585.9535100025823,10892.95371131197
1715034548,19,,Aggregated,73.400000,0.000000,200,210,290,300,300,390,400,410,500,590,590,3718,1,200.0,215.07788995330287,10.799622003105469,585.9535100025823,10890.19822485207
1715034549,19,,Aggregated,74.400000,0.000000,200,210,290,300,310,390,400,410,500,590,590,3789,1,200.0,215.22575174883477,10.799622003105469,585.9535100025823,10891.454473475851
1715034550,19,,Aggregated,73.600000,0.000000,200,210,290,300,300,390,400,410,500,590,590,3861,1,200.0,214.59880905809442,10.799622003105469,585.9535100025823,10890.152033152033
1715034551,19,,Aggregated,73.000000,0.000000,200,210,290,300,300,390,400,410,500,590,590,3932,1,200.0,214.51748489909448,10.799622003105469,585.9535100025823,10886.622838250254
1715034552,19,,Aggregated,73.200000,0.000000,200,210,290,300,300,390,400,410,500,590,590,4008,1,200.0,214.50721482140946,10.799622003105469,585.9535100025823,10888.50998003992
1715034553,19,,Aggregated,72.900000,0.000000,200,210,290,300,300,390,400,410,500,590,590,4083,1,200.0,214.75847806102755,10.799622003105469,585.9535100025823,10890.301738917462
1715034554,19,,Aggregated,73.600000,0.000000,200,220,290,300,300,390,400,400,500,590,590,4160,1,200.0,214.92369076229176,10.799622003105469,585.9535100025823,10891.416346153846
1715034555,19,,Aggregated,73.500000,0.000000,200,220,290,300,300,390,400,410,500,590,590,4234,1,200.0,215.50385179431714,10.799622003105469,585.9535100025823,10890.866556447803
1715034556,19,,Aggregated,73.300000,0.000000,200,220,290,300,300,390,400,400,500,590,590,4311,1,200.0,215.39045463189046,10.799622003105469,585.9535100025823,10893.374855022037
1715034557,19,,Aggregated,73.900000,0.000000,200,220,290,300,300,390,400,400,500,590,590,4380,1,200.0,215.10091931692705,10.799622003105469,585.9535100025823,10896.282648401826
1715034558,19,,Aggregated,73.800000,0.000000,200,210,290,300,300,390,400,400,500,590,590,4451,1,200.0,214.3929410602466,10.799622003105469,585.9535100025823,10889.72118625028
1715034559,19,,Aggregated,73.200000,0.000000,200,210,290,300,300,390,400,400,500,590,590,4525,1,200.0,214.4094365717488,10.799622003105469,585.9535100025823,10885.754475138121
1715034560,19,,Aggregated,73.100000,0.000000,200,220,290,300,300,390,400,400,500,590,590,4599,1,200.0,214.76614081651155,10.799622003105469,585.9535100025823,10888.58838878017
1715034561,19,,Aggregated,73.500000,0.000000,200,210,290,300,300,390,400,400,500,590,590,4683,1,200.0,215.08587220567514,10.799622003105469,585.9535100025823,10891.188127268844
1715034562,19,,Aggregated,74.000000,0.000000,200,220,290,300,300,390,400,400,500,590,590,4761,1,200.0,215.16996423905968,10.799622003105469,585.9535100025823,10892.087376601554
1715034563,19,,Aggregated,74.000000,0.000000,200,220,290,300,300,390,400,400,500,590,590,4830,1,200.0,215.1739749048074,10.799622003105469,585.9535100025823,10894.15238095238
1715034564,19,,Aggregated,74.900000,0.000000,200,210,290,300,300,390,400,400,500,590,590,4905,1,200.0,214.84496478189763,10.799622003105469,585.9535100025823,10892.44260958206
1715034565,19,,Aggregated,74.600000,0.000000,200,210,290,300,300,390,400,400,500,590,590,4979,1,200.0,214.39290632138332,10.799622003105469,585.9535100025823,10890.349066077526
1715034566,19,,Aggregated,74.300000,0.000000,200,210,290,300,300,390,400,400,500,590,590,5050,1,200.0,214.4392296853926,10.799622003105469,585.9535100025823,10892.716633663365
1715034567,19,,Aggregated,74.600000,0.000000,200,210,290,300,300,390,400,400,500,590,590,5129,2,200.0,214.56889223186994,10.799622003105469,585.9535100025823,10892.081887307468
1715034568,19,,Aggregated,73.700000,0.000000,200,210,290,300,300,390,400,400,500,590,590,5200,2,200.0,214.63017481869775,10.799622003105469,585.9535100025823,10888.626153846153
1715034569,19,,Aggregated,74.600000,0.100000,200,210,290,300,300,390,400,400,500,590,590,5280,2,200.0,214.73604860194604,10.799622003105469,585.9535100025823,10889.228977272727
1715034570,19,,Aggregated,75.500000,0.100000,200,210,290,300,300,390,400,400,500,590,590,5355,2,200.0,214.82126665887245,10.799622003105469,585.9535100025823,10889.47264239029
1715034571,19,,Aggregated,75.200000,0.100000,200,210,290,300,300,390,400,400,500,590,590,5431,2,200.0,214.81006628509544,10.799622003105469,585.9535100025823,10894.052108267355
1715034572,19,,Aggregated,75.500000,0.100000,200,220,290,300,300,390,400,400,500,590,590,5498,2,200.0,214.98555495366762,10.799622003105469,585.9535100025823,10892.86686067661
1715034573,19,,Aggregated,75.200000,0.100000,200,220,290,300,300,390,400,400,500,590,590,5566,2,200.0,214.77962899340469,10.799622003105469,585.9535100025823,10894.839202299676
1715034574,19,,Aggregated,73.900000,0.100000,200,220,290,300,300,390,400,400,500,590,590,5641,2,200.0,214.61606106901232,10.799622003105469,585.9535100025823,10892.64563020741
1715034575,19,,Aggregated,73.600000,0.100000,200,220,290,300,300,390,400,400,500,590,590,5719,2,200.0,214.76114473741217,10.799622003105469,585.9535100025823,10894.989683511103
1715034576,19,,Aggregated,73.700000,0.100000,200,220,290,300,300,390,400,400,500,590,590,5787,2,200.0,215.1494300840383,10.799622003105469,585.9535100025823,10895.355797477105
1715034577,19,,Aggregated,73.500000,0.100000,200,220,290,300,300,390,400,400,500,590,590,5861,2,200.0,215.3996249370787,10.799622003105469,585.9535100025823,10894.354376386282
1715034578,19,,Aggregated,74.400000,0.100000,200,220,290,300,300,390,400,400,500,590,590,5938,2,200.0,215.38967121156008,10.799622003105469,585.9535100025823,10895.446783428764
1715034579,19,,Aggregated,73.600000,0.000000,200,220,290,300,300,390,400,400,500,590,590,6011,2,200.0,215.31992135305015,10.799622003105469,585.9535100025823,10895.05506571286
1715034580,19,,Aggregated,73.300000,0.000000,200,220,290,300,300,390,400,400,500,590,590,6078,2,200.0,214.9058463893122,10.799622003105469,585.9535100025823,10889.045903257651
1715034581,19,,Aggregated,73.300000,0.000000,200,220,290,300,300,390,400,400,500,590,590,6160,2,200.0,214.85807507065923,10.799622003105469,585.9535100025823,10888.218831168831
1715034582,19,,Aggregated,72.500000,0.000000,200,220,290,300,300,390,400,400,500,590,590,6235,2,200.0,214.9926525849566,10.799622003105469,585.9535100025823,10889.840096230955
1715034583,19,,Aggregated,72.900000,0.000000,200,220,290,300,300,390,400,400,500,590,590,6309,2,200.0,215.2995409940206,10.799622003105469,585.9535100025823,10894.188619432556
1715034584,19,,Aggregated,73.400000,0.000000,200,220,290,300,300,390,400,400,500,590,590,6384,2,200.0,215.43045627652452,10.799622003105469,585.9535100025823,10892.949248120301
1715034585,19,,Aggregated,74.200000,0.000000,200,220,290,300,300,390,400,400,500,590,590,6453,2,200.0,215.4466996936717,10.799622003105469,585.9535100025823,10895.514799318147
1715034586,19,,Aggregated,74.300000,0.000000,200,220,290,300,300,390,400,400,500,590,590,6530,2,200.0,215.45316890923203,10.799622003105469,585.9535100025823,10892.348851454824
1715034587,19,,Aggregated,73.900000,0.000000,200,220,290,300,300,390,400,400,500,590,590,6606,2,200.0,215.41604958798675,10.799622003105469,585.9535100025823,10892.940205873449
1715034588,19,,Aggregated,73.400000,0.000000,200,220,290,300,300,390,400,400,500,590,590,6677,2,200.0,215.16872532758615,10.799622003105469,585.9535100025823,10892.294892915981
1715034589,19,,Aggregated,73.600000,0.000000,200,220,290,300,300,390,400,400,500,590,590,6747,2,200.0,215.5395717609659,10.799622003105469,585.9535100025823,10894.147028308878
1715034590,19,,Aggregated,72.700000,0.000000,200,220,290,300,300,390,400,400,500,590,590,6825,2,200.0,215.44658155167735,10.799622003105469,585.9535100025823,10893.542271062272
1715034591,19,,Aggregated,72.500000,0.000000,200,220,290,300,300,390,400,400,500,590,590,6896,3,200.0,215.6509483816998,10.799622003105469,585.9535100025823,10891.74695475638
1715034592,19,,Aggregated,73.400000,0.000000,200,220,290,300,300,390,400,400,500,590,590,6975,3,200.0,215.675882480168,10.799622003105469,585.9535100025823,10891.172186379928
1715034593,19,,Aggregated,73.100000,0.000000,200,220,290,300,300,390,400,400,500,590,590,7040,3,200.0,215.7754222954692,10.799622003105469,585.9535100025823,10895.372017045454
1715034594,19,,Aggregated,73.700000,0.100000,200,220,290,300,300,390,400,400,500,590,590,7113,3,200.0,215.7135587524425,10.799622003105469,585.9535100025823,10893.811471952762
1715034595,19,,Aggregated,72.900000,0.100000,200,220,290,300,300,390,400,400,500,590,590,7191,3,200.0,215.77190490725283,8.212147993617691,585.9535100025823,10894.622166597135
1715034596,19,,Aggregated,72.300000,0.100000,200,220,290,300,300,390,400,400,500,590,590,7255,3,200.0,215.447597280089,8.212147993617691,585.9535100025823,10893.482288077188
1715034597,19,,Aggregated,72.800000,0.100000,200,220,290,300,300,390,400,400,500,590,590,7332,3,200.0,215.6363758310181,8.212147993617691,585.9535100025823,10889.897026732133
1715034598,19,,Aggregated,72.600000,0.100000,200,220,290,300,300,390,400,400,500,590,590,7409,3,200.0,215.85193864597093,8.212147993617691,585.9535100025823,10891.48144149008
1715034599,19,,Aggregated,72.200000,0.100000,200,240,290,300,300,390,400,400,500,590,590,7487,3,200.0,215.98287668638596,8.212147993617691,585.9535100025823,10893.35461466542
1715034600,19,,Aggregated,73.600000,0.100000,200,240,290,300,300,390,400,400,500,590,590,7554,3,200.0,215.92359087899467,8.212147993617691,585.9535100025823,10894.365501720942
1715034601,19,,Aggregated,73.800000,0.100000,200,280,290,300,300,390,400,400,500,590,590,7630,3,200.0,216.0950340685295,8.212147993617691,585.9535100025823,10897.043905635648
1715034602,19,,Aggregated,73.100000,0.100000,200,240,290,300,300,390,400,400,500,590,590,7697,3,200.0,215.87125773546416,8.212147993617691,585.9535100025823,10893.452124204236
1715034603,19,,Aggregated,73.700000,0.100000,200,220,290,300,300,390,400,400,500,590,590,7775,3,200.0,215.70512612833636,8.212147993617691,585.9535100025823,10891.895948553054
1715034604,19,,Aggregated,72.600000,0.000000,200,220,290,300,300,390,400,400,500,590,590,7852,3,200.0,215.53740871241035,8.212147993617691,585.9535100025823,10892.879393785022
1715034605,19,,Aggregated,73.100000,0.000000,200,220,290,300,300,390,400,400,500,590,590,7929,3,200.0,215.8831504445572,8.212147993617691,585.9535100025823,10890.543195863287
1715034606,19,,Aggregated,73.400000,0.000000,200,240,290,300,300,390,400,400,500,590,590,7993,3,200.0,216.17985650693242,8.212147993617691,585.9535100025823,10893.960840735645
1715034607,19,,Aggregated,73.500000,0.000000,200,280,290,300,300,390,400,400,500,590,590,8069,3,200.0,216.37746882425952,8.212147993617691,585.9535100025823,10894.009046969884
1715034608,19,,Aggregated,74.000000,0.000000,200,270,290,300,300,390,400,400,500,590,590,8136,3,200.0,216.1625013415629,8.212147993617691,585.9535100025823,10894.002458210423
1715034609,19,,Aggregated,74.100000,0.000000,200,280,290,300,300,390,400,400,500,590,590,8206,3,200.0,216.29822929953056,8.212147993617691,585.9535100025823,10892.771996100415
1715034610,19,,Aggregated,72.900000,0.000000,200,280,290,300,300,390,400,400,500,590,590,8280,3,200.0,216.15335752040738,8.212147993617691,585.9535100025823,10889.92342995169
1715034611,19,,Aggregated,72.400000,0.000000,200,270,290,300,300,390,400,400,500,590,590,8357,4,200.0,216.056636809619,8.212147993617691,585.9535100025823,10888.914801962426
1715034612,19,,Aggregated,72.400000,0.000000,200,280,290,300,300,390,400,400,500,590,590,8425,4,200.0,216.33227560261622,8.212147993617691,585.9535100025823,10891.62528189911
1715034613,19,,Aggregated,72.100000,0.100000,200,280,290,300,300,390,400,400,500,590,590,8500,4,200.0,216.39645502260453,8.212147993617691,585.9535100025823,10893.019411764706
1715034614,19,,Aggregated,72.700000,0.100000,200,280,290,300,300,390,400,400,500,590,590,8573,4,200.0,216.52646819854303,8.212147993617691,585.9535100025823,10890.937711419572
1715034615,19,,Aggregated,72.500000,0.100000,200,280,290,300,300,390,400,400,500,590,590,8650,4,200.0,216.37753075828422,8.212147993617691,585.9535100025823,10892.59063583815
1715034616,19,,Aggregated,72.200000,0.100000,200,280,290,300,300,390,400,400,500,590,590,8721,4,200.0,216.48061761187836,8.212147993617691,585.9535100025823,10893.787180369223
1715034617,19,,Aggregated,72.700000,0.100000,200,280,290,300,300,390,400,400,500,830,830,8747,4,200.0,216.67773151241892,8.212147993617691,834.467312990455,10891.217331656568
1715034618,19,,Aggregated,71.900000,0.100000,200,280,290,300,300,390,400,410,910,1100,1100,8824,4,200.0,217.79842045796832,8.212147993617691,1102.6282269885996,10893.151178603808
1715034619,19,,Aggregated,69.400000,0.100000,200,280,290,300,300,390,400,410,910,1100,1100,8897,4,200.0,217.54678200416674,8.212147993617691,1102.6282269885996,10892.665055636731
1715034620,19,,Aggregated,68.500000,0.100000,200,280,290,300,300,390,400,410,910,1100,1100,8969,4,200.0,217.62685931688557,8.212147993617691,1102.6282269885996,10891.100234139814
1715034621,19,,Aggregated,68.900000,0.100000,200,280,290,300,300,390,400,410,900,1100,1100,9037,4,200.0,217.75654902082053,8.212147993617691,1102.6282269885996,10889.151930950537
1715034622,19,,Aggregated,69.000000,0.100000,200,280,290,300,300,390,400,410,900,1100,1100,9113,4,200.0,218.0252206624681,8.212147993617691,1102.6282269885996,10892.983210797762
1715034623,19,,Aggregated,68.800000,0.000000,200,280,290,300,300,390,400,410,900,1100,1100,9179,4,200.0,218.02825116560575,8.212147993617691,1102.6282269885996,10891.092384791371
1715034624,19,,Aggregated,68.500000,0.000000,200,280,290,300,310,390,400,410,910,1100,1100,9226,4,200.0,219.0892406528397,8.212147993617691,1102.6282269885996,10893.773574680252
1715034625,19,,Aggregated,68.700000,0.000000,200,280,290,300,310,390,400,410,910,1100,1100,9297,4,200.0,218.93346645682064,8.212147993617691,1102.6282269885996,10892.598580187157
1715034626,19,,Aggregated,65.300000,0.000000,200,280,290,300,310,390,400,410,910,1100,1100,9366,4,200.0,218.8586033397473,8.212147993617691,1102.6282269885996,10891.454729874013
1715034627,19,,Aggregated,64.600000,0.000000,200,280,290,300,300,390,400,410,910,1100,1100,9439,4,200.0,218.57363524940118,8.212147993617691,1102.6282269885996,10891.705689161987
1715034628,19,,Aggregated,64.700000,0.000000,200,280,290,300,310,390,400,410,910,1100,1100,9509,4,200.0,218.77301133726894,8.212147993617691,1102.6282269885996,10894.193080239773
1715034629,19,,Aggregated,67.800000,0.000000,200,280,290,300,310,390,400,410,910,1100,1100,9587,4,200.0,219.0003665597204,8.212147993617691,1102.6282269885996,10890.672681756545
1715034630,19,,Aggregated,69.100000,0.000000,200,280,290,300,310,390,400,410,910,1100,1100,9659,4,200.0,219.1057157152851,8.212147993617691,1102.6282269885996,10894.796459260793
1715034631,19,,Aggregated,69.200000,0.000000,200,280,290,300,310,390,400,410,910,1100,1100,9730,4,200.0,219.09110962198352,8.212147993617691,1102.6282269885996,10893.3654676259
1715034632,19,,Aggregated,69.300000,0.000000,200,280,290,300,310,390,400,410,910,1100,1100,9805,4,200.0,218.95736882630646,8.212147993617691,1102.6282269885996,10891.714329423763
1715034633,19,,Aggregated,69.400000,0.000000,200,280,290,300,310,390,400,410,910,1100,1100,9873,4,200.0,218.89709500627046,8.212147993617691,1102.6282269885996,10890.505317532665
1715034634,19,,Aggregated,69.100000,0.000000,200,280,290,300,310,390,400,410,910,1100,1100,9941,4,200.0,218.97724985292325,8.212147993617691,1102.6282269885996,10890.447439895383
1715034635,19,,Aggregated,69.000000,0.000000,200,280,290,300,310,390,400,410,910,1100,1100,10024,4,200.0,218.94790553133333,8.212147993617691,1102.6282269885996,10891.737529928172
1715034636,19,,Aggregated,72.000000,0.000000,200,280,290,300,310,390,400,410,910,1100,1100,10101,4,200.0,218.91262778191944,8.212147993617691,1102.6282269885996,10889.931194931194
1715034637,19,,Aggregated,72.600000,0.000000,200,280,290,300,310,390,400,410,910,1100,1100,10169,4,200.0,218.95957023159662,8.212147993617691,1102.6282269885996,10894.043465434162
1715034638,19,,Aggregated,73.700000,0.000000,200,280,290,300,300,390,400,410,910,1100,1100,10248,4,200.0,218.86383383167427,8.212147993617691,1102.6282269885996,10891.78649492584
1715034639,19,,Aggregated,73.300000,0.000000,200,280,290,300,310,390,400,410,910,1100,1100,10316,4,200.0,219.1376777620166,8.212147993617691,1102.6282269885996,10892.014055835596
1715034640,19,,Aggregated,73.200000,0.000000,200,280,290,300,310,390,400,410,910,1100,1100,10390,4,200.0,219.07441415620664,8.212147993617691,1102.6282269885996,10891.952165543793
1715034641,19,,Aggregated,72.900000,0.000000,200,280,290,300,310,390,400,410,910,1100,1100,10461,4,200.0,219.14253895448812,8.212147993617691,1102.6282269885996,10894.456935283433
1715034642,19,,Aggregated,72.900000,0.000000,200,280,290,300,310,390,400,410,910,1100,1100,10533,4,200.0,218.8704823036024,8.212147993617691,1102.6282269885996,10893.292604196335
1715034643,19,,Aggregated,72.700000,0.000000,200,280,290,300,310,390,400,410,910,1100,1100,10613,4,200.0,219.00764571099947,8.212147993617691,1102.6282269885996,10891.434844059173
1715034644,19,,Aggregated,73.000000,0.000000,200,280,290,300,310,390,400,410,910,1100,1100,10686,4,200.0,218.99058383426166,8.212147993617691,1102.6282269885996,10890.361968931313
1715034645,19,,Aggregated,72.700000,0.000000,200,280,290,300,310,390,400,410,910,1100,1100,10756,4,200.0,219.0939981507942,8.212147993617691,1102.6282269885996,10892.199702491633
1715034646,19,,Aggregated,73.900000,0.000000,200,280,290,300,310,390,400,410,910,1100,1100,10839,4,200.0,219.08767078715226,8.212147993617691,1102.6282269885996,10893.595903681151
1715034647,19,,Aggregated,73.100000,0.000000,200,280,290,300,310,390,400,410,910,1100,1100,10913,4,200.0,219.12746983615028,8.212147993617691,1102.6282269885996,10892.416842298177
1715034648,19,,Aggregated,73.100000,0.000000,200,280,290,300,310,390,400,410,910,1100,1100,10980,4,200.0,218.81945435271777,8.212147993617691,1102.6282269885996,10890.775409836066
1715034649,19,,Aggregated,73.000000,0.000000,200,280,290,300,300,390,400,410,900,1100,1100,11054,4,200.0,218.71584905842528,8.212147993617691,1102.6282269885996,10891.83191604849
1715034650,19,,Aggregated,72.900000,0.000000,200,280,290,300,310,390,400,410,900,1100,1100,11127,4,200.0,218.84235001256428,8.212147993617691,1102.6282269885996,10891.459243282106
1715034651,19,,Aggregated,73.600000,0.000000,200,280,290,300,310,390,400,410,900,1100,1100,11206,4,200.0,218.97764763098553,8.212147993617691,1102.6282269885996,10891.473674817062
1715034652,19,,Aggregated,73.200000,0.000000,200,280,290,300,310,390,400,410,900,1100,1100,11278,4,200.0,218.88672746779653,8.212147993617691,1102.6282269885996,10892.747650292606
1715034653,19,,Aggregated,74.100000,0.000000,200,280,290,300,310,390,400,410,900,1100,1100,11356,4,200.0,218.82053197057766,8.212147993617691,1102.6282269885996,10890.634818598099
1715034654,19,,Aggregated,74.000000,0.000000,200,280,290,300,310,390,400,410,900,1100,1100,11429,4,200.0,218.8429067824695,8.212147993617691,1102.6282269885996,10891.145594540205
1715034655,19,,Aggregated,74.300000,0.000000,200,280,290,300,310,390,400,410,900,1100,1100,11500,4,200.0,218.78738683225043,8.212147993617691,1102.6282269885996,10890.51295652174
1715034656,19,,Aggregated,74.100000,0.000000,200,280,290,300,300,390,400,410,900,1100,1100,11574,4,200.0,218.65907359019064,8.212147993617691,1102.6282269885996,10891.176775531363
1715034657,19,,Aggregated,74.200000,0.000000,200,280,290,300,310,390,400,410,900,1100,1100,11644,4,200.0,218.77071352789991,8.212147993617691,1102.6282269885996,10893.93842322226
1715034658,19,,Aggregated,73.500000,0.000000,200,280,290,300,310,390,400,410,900,1100,1100,11719,4,200.0,218.87779631255745,8.212147993617691,1102.6282269885996,10891.441163921836
1715034659,19,,Aggregated,73.300000,0.000000,200,280,290,300,310,390,400,410,900,1100,1100,11790,4,200.0,218.8402910908196,8.212147993617691,1102.6282269885996,10891.257591178965
1715034660,19,,Aggregated,73.900000,0.000000,200,280,290,300,300,390,400,410,900,1100,1100,11863,4,200.0,218.86701092841432,8.212147993617691,1102.6282269885996,10889.594621933744
1715034661,19,,Aggregated,72.900000,0.000000,200,280,290,300,310,390,400,410,900,1100,1100,11940,4,200.0,218.96290389906156,8.212147993617691,1102.6282269885996,10893.003182579565
1715034662,19,,Aggregated,73.700000,0.000000,200,280,290,300,300,390,400,410,900,1100,1100,12015,4,200.0,218.96840603419173,8.212147993617691,1102.6282269885996,10892.876487723679
1715034663,19,,Aggregated,72.800000,0.000000,200,280,290,300,300,390,400,410,900,1100,1100,12088,4,200.0,218.85503542404217,8.212147993617691,1102.6282269885996,10891.514228987426
1715034664,19,,Aggregated,73.500000,0.000000,200,280,290,300,300,390,400,410,900,1100,1100,12161,4,200.0,218.55763715227403,8.212147993617691,1102.6282269885996,10891.856261820574
1715034665,19,,Aggregated,73.400000,0.000000,200,280,290,300,300,390,400,410,900,1100,1100,12240,4,200.0,218.64896458748308,8.212147993617691,1102.6282269885996,10889.820751633986
1715034666,19,,Aggregated,73.000000,0.000000,200,280,290,300,300,390,400,410,900,1100,1100,12312,4,200.0,218.51564807551452,8.212147993617691,1102.6282269885996,10890.104938271605
1715034667,19,,Aggregated,73.200000,0.000000,200,280,290,300,300,390,400,410,900,1100,1100,12370,4,200.0,218.6973721518847,8.212147993617691,1102.6282269885996,10891.753759094583
1715034668,19,,Aggregated,73.400000,0.000000,200,280,290,300,310,390,400,410,900,1100,1100,12456,4,200.0,218.85977984030984,8.212147993617691,1102.6282269885996,10890.514129736674
